"Symbol","IS_Trades","IS_Return","OOS_Trades","OOS_Return","OOS_PF","OOS_Drawdown","Approved"
"XAUUSD","192","18.8521","76","5.7534","1.4647","3.0432","False"
"XAGUSD","187","-8.8577","74","0.8749","1.0673","4.1363","False"
"EURUSD","195","-0.759","72","-2.972","0.7669","3.798","False"
"GBPUSD","181","13.0641","83","4.3044","1.3665","1.7218","False"
"USDJPY","172","8.3887","61","-8.2737","0.3677","8.8055","False"
"USDCHF","196","-13.787","85","-2.8593","0.8003","5.8728","False"
"AUDUSD","181","-10.3417","81","-7.9643","0.4636","8.8644","False"
"NZDUSD","176","-12.1591","70","-6.6387","0.5253","7.055","False"
"USDCAD","203","-13.92","91","-4.3216","0.7511","7.2437","False"
